frame_idx,module_a,module_b,module_c,module_d,total
0,0.006874814,0.019928675,0.001288848,0.339088213,0.367378510
1,0.000770140,0.053788233,0.021591008,0.028059951,0.104253719
2,0.001041158,0.050706007,0.013454995,0.026935686,0.092176791
3,0.000366381,0.041791437,0.012152707,0.030014232,0.084359990
4,0.001006149,0.063258600,0.009547170,0.027149166,0.100999646
5,0.000908225,0.032089669,0.011689201,0.027143310,0.071863655
6,0.000901953,0.042884181,0.011670577,0.027593759,0.083089255
7,0.001015366,0.034777513,0.012498767,0.027954796,0.076279947
8,0.000909570,0.030252513,0.011905274,0.027749892,0.070852545
9,0.000890048,0.039099017,0.011622990,0.028062544,0.079707530
10,0.000926626,0.040024107,0.011728083,0.028449022,0.081165503
11,0.000890049,0.031623540,0.012050271,0.028679879,0.073276283
12,0.000898529,0.028316729,0.011996317,0.029194010,0.070440594
13,0.000906050,0.027853320,0.011736435,0.029470628,0.070002178
14,0.000897217,0.032852130,0.012076767,0.029845810,0.075702389
15,0.000901953,0.028044527,0.011553388,0.029489925,0.070021634
16,0.000889505,0.044190182,0.012292296,0.029146744,0.086555111
17,0.001103433,0.054076915,0.013586039,0.030871320,0.099676302
18,0.001086408,0.044616341,0.011998780,0.029825969,0.087563245
19,0.000911650,0.028228022,0.011918938,0.029547655,0.070640217
20,0.000895713,0.038853088,0.016317661,0.030298947,0.086399617
21,0.000919394,0.030665776,0.012517904,0.036246047,0.080391075
22,0.001109673,0.034471357,0.013027587,0.031406284,0.080050038
23,0.001116202,0.052652511,0.015164466,0.030765236,0.099734544
24,0.001096713,0.045651260,0.012736792,0.031485294,0.091009261
25,0.001391572,0.032231114,0.014999691,0.032085605,0.080741776
26,0.001360978,0.060219480,0.014971819,0.032133607,0.108725853
27,0.001016710,0.033857735,0.012972097,0.032310253,0.080193180
28,0.000993573,0.058531225,0.012208453,0.031922079,0.103691298
29,0.001382611,0.041909073,0.014787364,0.032175208,0.090289938
30,0.000346445,0.015184915,0.009372347,0.032452786,0.057393231
31,0.000353741,0.023046710,0.009968369,0.033143020,0.066545794
32,0.000359630,0.019438064,0.011467336,0.032819488,0.064117576
33,0.000351341,0.024717300,0.009831021,0.033522714,0.068460233
34,0.000354861,0.039580827,0.012309032,0.034643908,0.086922677
35,0.000869280,0.055952249,0.010401057,0.033470521,0.100728181
36,0.000341324,0.026335728,0.008856264,0.034826987,0.070414321
37,0.000335469,0.033718977,0.014385973,0.033411574,0.081886394
38,0.001084200,0.037612722,0.013209225,0.035729836,0.087670353
39,0.001441717,0.044712824,0.011023352,0.034666373,0.091883693
40,0.001435989,0.025365676,0.014802724,0.034457341,0.076096771
41,0.001423157,0.034162610,0.011411430,0.034575649,0.081604272
42,0.000360910,0.022212503,0.009236471,0.034882636,0.066728265
43,0.000383118,0.016397152,0.009125074,0.034979793,0.060921105
44,0.000363214,0.016265915,0.009815692,0.035435009,0.061917303
45,0.000364078,0.015940943,0.009402013,0.035374591,0.061117369
46,0.000353998,0.018876604,0.009203413,0.036156252,0.064639996
47,0.000346829,0.024954045,0.009438878,0.035901235,0.070673659
48,0.000370478,0.024257315,0.009165652,0.036209694,0.070038883
49,0.000359917,0.026950535,0.009013582,0.036140892,0.072501343
50,0.000361102,0.023141754,0.009384540,0.036610157,0.069533137
51,0.000365934,0.022796813,0.009162484,0.037750359,0.070111910
52,0.000356558,0.023675917,0.009813324,0.037048573,0.070927524
53,0.000995077,0.056893500,0.012375082,0.038050498,0.108351375
54,0.000332205,0.026251437,0.008756836,0.037265605,0.072637892
55,0.000366349,0.035531141,0.009038671,0.037354729,0.082322219
56,0.000364397,0.032185768,0.009263736,0.037442315,0.079289275
57,0.000356334,0.017848245,0.008909739,0.043471051,0.070619481
58,0.000362509,0.048559848,0.009115602,0.038366350,0.096443126
59,0.000350125,0.039720799,0.009181940,0.038719067,0.088010653
60,0.000366669,0.014817830,0.009234198,0.038825023,0.063277449
61,0.000355245,0.047036175,0.010126104,0.039085224,0.096637405
62,0.000364046,0.055354755,0.009061776,0.039061863,0.103880233
63,0.000352493,0.022845326,0.009674119,0.039857061,0.072762152
64,0.000355501,0.048276477,0.009206517,0.039735040,0.097608865
65,0.000346412,0.035103125,0.009092753,0.039881190,0.084458810
66,0.000353325,0.039851781,0.009702728,0.040419034,0.090362228
67,0.000346861,0.053160594,0.009092081,0.040148431,0.102782433
68,0.000343949,0.012675254,0.009328858,0.039885574,0.062265987
69,0.000337581,0.025444079,0.011943514,0.040047756,0.077804131
70,0.000365101,0.022959795,0.009227318,0.041109395,0.073699435
71,0.000336748,0.025951330,0.009706536,0.040838313,0.076864289
72,0.000357038,0.025780475,0.009342715,0.041777196,0.077292016
73,0.000340557,0.025471984,0.009006542,0.041719721,0.076572086
74,0.000354221,0.030396326,0.009094065,0.041335100,0.081213665
75,0.000358669,0.040891755,0.009086608,0.041851439,0.092227290
76,0.000342892,0.048716077,0.009460671,0.042370498,0.100924764
77,0.000347053,0.027504315,0.009242199,0.057909634,0.095039426
78,0.000354413,0.046307284,0.009728328,0.043227810,0.099656205
79,0.000363949,0.026377873,0.009639590,0.043422217,0.079841486
80,0.000358669,0.084636576,0.009083281,0.043014778,0.137130201
81,0.000350253,0.033523451,0.008863336,0.043327526,0.086099414
82,0.000418192,0.042047862,0.008951659,0.043476139,0.094932894
83,0.000352717,0.033093546,0.009074993,0.043673234,0.086229595
84,0.000367118,0.049114492,0.008999886,0.043276196,0.101791996
85,0.000357293,0.048864691,0.008906250,0.044506641,0.102669884
86,0.000370766,0.015077679,0.009087089,0.044537746,0.069106017
87,0.000368110,0.041070482,0.008935563,0.044034784,0.094441643
88,0.000374862,0.040003883,0.008932715,0.044673336,0.094022108
89,0.000357837,0.016773070,0.009116146,0.044885983,0.071167918
90,0.000357005,0.032802464,0.009050736,0.045642779,0.087888760
91,0.000348429,0.030203551,0.009139219,0.045231116,0.084955468
92,0.000361326,0.043122782,0.009062288,0.045557368,0.098136244
93,0.000361518,0.035477923,0.009182740,0.047383195,0.092439970
94,0.000365229,0.034827530,0.009037263,0.048246779,0.092512644
95,0.000363246,0.018969631,0.009604996,0.046312404,0.075285094
96,0.000358445,0.032886594,0.009072208,0.047107058,0.089457331
97,0.000351853,0.015043022,0.009948080,0.046265298,0.071641438
98,0.000367021,0.034678533,0.009170388,0.049148317,0.093402373
99,0.000359565,0.053688550,0.009100305,0.046805222,0.109987499
100,0.000353837,0.026278221,0.008874664,0.046750596,0.082291785
101,0.000347309,0.024493388,0.008739588,0.047029999,0.080642284
102,0.000357742,0.045549432,0.008990701,0.049366853,0.104305625
103,0.000348077,0.012230821,0.009094865,0.048111127,0.069824315
104,0.000354285,0.032543382,0.008864585,0.047858221,0.089653594
105,0.000354989,0.041118067,0.008806054,0.047219350,0.097532158
106,0.000357070,0.051230442,0.008881737,0.048074165,0.108577976
107,0.000353870,0.025784763,0.008877737,0.048962230,0.084012297
108,0.000349389,0.028673831,0.008708195,0.048537095,0.086302654
109,0.000368078,0.030407591,0.008851464,0.049092124,0.088753945
110,0.000354478,0.048447107,0.008747108,0.048725997,0.106308260
111,0.000361070,0.041746475,0.008694946,0.048766191,0.099603531
112,0.000352461,0.026665276,0.008649472,0.048967511,0.084669985
113,0.000346956,0.039724928,0.008728867,0.049745747,0.098583813
114,0.000397166,0.025746202,0.008717539,0.049467081,0.084356982
115,0.000361581,0.042680493,0.008672802,0.050143458,0.101892735
116,0.000343148,0.017796307,0.008782086,0.049969596,0.076919426
117,0.000354829,0.054812943,0.009548097,0.050627028,0.115377587
118,0.001381939,0.048835026,0.009088049,0.051990086,0.111326718
119,0.000368205,0.059821448,0.009001037,0.050579091,0.119802743
120,0.000365262,0.052827750,0.008725859,0.051581720,0.113534319
121,0.000355533,0.063573268,0.009162036,0.051629529,0.124752398
122,0.000263754,0.034800041,0.008507932,0.052140972,0.095746300
123,0.000269354,0.022710121,0.009034223,0.051646874,0.083695069
124,0.000268810,0.051262572,0.008478010,0.051983271,0.112026999
125,0.000255241,0.018839354,0.008782181,0.052117067,0.080026549
126,0.000250249,0.052487577,0.009342523,0.057495762,0.119616177
127,0.000261513,0.029154328,0.008939980,0.052924073,0.091314808
128,0.000343117,0.047871790,0.012048799,0.052898280,0.113196770
129,0.000348013,0.024361671,0.009680775,0.053436156,0.087863255
130,0.000347245,0.040555839,0.009600228,0.052621438,0.103157071
131,0.000358029,0.035124182,0.008932395,0.053112657,0.097562847
132,0.000354061,0.033817861,0.008876617,0.053391803,0.096472983
133,0.000353549,0.010569575,0.008727619,0.053632004,0.073317533
134,0.000348269,0.038271786,0.008999597,0.053769033,0.101422990
135,0.000335468,0.044682295,0.009979729,0.054040754,0.109071209
136,0.000335757,0.026480181,0.008819686,0.056825817,0.092493028
137,0.000353933,0.054653385,0.009899183,0.054269435,0.119209185
138,0.000346861,0.033508538,0.009558563,0.054877617,0.098323036
139,0.000351213,0.056059677,0.008870825,0.055544427,0.120864671
140,0.000278250,0.054759405,0.008684385,0.055702384,0.119460363
141,0.000275019,0.051937989,0.009169620,0.055544138,0.116962798
142,0.000354894,0.031372170,0.009042223,0.055419366,0.096226798
143,0.000359661,0.060802541,0.009263543,0.056915997,0.127378960
144,0.000355693,0.029154008,0.009008653,0.056960766,0.095514676
145,0.000352749,0.051045731,0.013742718,0.059987919,0.125164638
146,0.000359021,0.027926891,0.009367867,0.056514958,0.094202147
147,0.000354573,0.038803934,0.013048836,0.057465265,0.109704546
148,0.000356013,0.039695007,0.012310440,0.056872891,0.109269361
149,0.000344300,0.021353719,0.009971378,0.057062658,0.088764921
150,0.000357933,0.023308544,0.010283037,0.057319532,0.091303320
151,0.000358605,0.025547059,0.009117586,0.058466583,0.093523210
152,0.000342541,0.027612543,0.009702663,0.058927271,0.096621052
153,0.000349293,0.043292452,0.009757130,0.059422426,0.112853846
154,0.000356462,0.033617310,0.009834764,0.059692612,0.103538813
155,0.000357549,0.029103575,0.009833932,0.059748422,0.099077047
156,0.000351469,0.046380759,0.009373179,0.060135125,0.116272917
157,0.000345645,0.020745857,0.009161844,0.060313691,0.090599613
158,0.000349805,0.018949150,0.009183924,0.060712458,0.089227114
159,0.000352237,0.025951874,0.009397756,0.059544767,0.095281643
160,0.000340141,0.029373921,0.009118642,0.060175190,0.099046550
161,0.000353485,0.030331300,0.009316825,0.059625185,0.099661869
162,0.000350733,0.036481416,0.009812876,0.062157823,0.108840929
163,0.000341677,0.008756676,0.009180084,0.060533155,0.078841865
164,0.000344493,0.027825928,0.009220341,0.060268281,0.097692580
165,0.000351277,0.029712141,0.008812806,0.061320768,0.100229698
166,0.000350829,0.025927392,0.009482719,0.061206652,0.096998603
167,0.000354541,0.028339514,0.008900778,0.061145626,0.098773324
168,0.000348941,0.015905869,0.008816391,0.061456197,0.086559016
169,0.000353389,0.014367253,0.008840103,0.062153087,0.085746345
170,0.000351085,0.017560426,0.009998002,0.061648589,0.089592696
171,0.000350029,0.025103042,0.008995054,0.061546857,0.096031495
172,0.000345516,0.031375722,0.008965580,0.061878869,0.102601050
173,0.000353517,0.039219309,0.009086769,0.062392680,0.111090356
174,0.000338572,0.021243539,0.009438206,0.064006980,0.095063266
175,0.000341581,0.028967314,0.009074320,0.064082055,0.102497878
176,0.000359597,0.027322708,0.009157844,0.064363505,0.101238727
177,0.000351085,0.030968891,0.010070774,0.065150478,0.106576877
178,0.000353357,0.016211417,0.012324905,0.065886346,0.094812569
179,0.000358829,0.034847787,0.009119890,0.063931681,0.108296397
180,0.000364525,0.022495713,0.009322937,0.064501750,0.096718432
181,0.000349325,0.025569108,0.010151224,0.064220844,0.100326245
182,0.000364077,0.030529579,0.008764965,0.064258349,0.103951340
183,0.000362254,0.022940178,0.008953484,0.064209516,0.096498808
184,0.000359886,0.024105405,0.008941580,0.064119528,0.097560607
185,0.000354573,0.026105575,0.008868809,0.064563480,0.099924823
186,0.000355117,0.027806823,0.009446270,0.064273646,0.101918464
187,0.000338637,0.038410671,0.009250838,0.065062507,0.113096575
188,0.001355570,0.032335918,0.009169716,0.065663073,0.108559191
189,0.000354573,0.044537235,0.009540033,0.065421624,0.119887418
190,0.000359597,0.026292430,0.008972397,0.066099569,0.101759995
191,0.000355021,0.035992790,0.008786470,0.065708099,0.110876940
192,0.000354797,0.034407003,0.009429822,0.066228598,0.110452860
193,0.000347469,0.034885357,0.008848936,0.066569379,0.110685413
194,0.000350413,0.034061998,0.008791238,0.072158354,0.115401492
195,0.000346316,0.029693740,0.009422270,0.067523558,0.107022430
196,0.000348429,0.023105721,0.008786533,0.067308830,0.099583690
197,0.000344461,0.022783853,0.008773573,0.067343360,0.099280831
198,0.000342893,0.018244485,0.008719715,0.067787696,0.095129381
199,0.000349741,0.024529741,0.008829447,0.068819927,0.102563833
200,0.000355437,0.017429446,0.008863945,0.067597897,0.094281478
201,0.000354445,0.017131418,0.008752260,0.067844146,0.094117151
202,0.000352909,0.021444858,0.008776613,0.068358981,0.098965811
203,0.000353901,0.045053958,0.009509696,0.069254983,0.124204955
204,0.000347149,0.035124694,0.008963308,0.069802139,0.114272586
205,0.000363950,0.021232659,0.009153683,0.070924932,0.101710745
206,0.000346573,0.021113166,0.009091793,0.070931460,0.101516657
207,0.000350317,0.026907237,0.009149235,0.070242699,0.106694994
208,0.000352333,0.014287794,0.009543681,0.068999677,0.093216926
209,0.000360013,0.030090652,0.008582142,0.071428407,0.110496958
210,0.001404500,0.037354760,0.008671777,0.069975873,0.117444351
211,0.000267626,0.057622999,0.008867624,0.070124422,0.136919057
212,0.000363822,0.013743229,0.008712674,0.070100261,0.092954741
213,0.000358702,0.035407520,0.009776682,0.070153383,0.115735041
214,0.000358286,0.021504765,0.008766085,0.070423570,0.101086594
215,0.000359277,0.052440408,0.009118546,0.077502680,0.139458256
216,0.000364301,0.033391125,0.009608516,0.075658516,0.119057723
217,0.000360237,0.046828039,0.008616991,0.077944872,0.133788189
218,0.000907073,0.033549435,0.008666497,0.073256667,0.116414074
219,0.000900129,0.053385242,0.008813127,0.072060206,0.135200786
220,0.000365069,0.041354557,0.008752388,0.070941700,0.121448277
221,0.000353517,0.043315941,0.008403768,0.073095861,0.125203263
222,0.000264682,0.032763230,0.008411319,0.071772963,0.113246532
223,0.000277547,0.059101230,0.008406520,0.072612258,0.140430516
224,0.000269130,0.049785877,0.008455162,0.072358137,0.130905810
225,0.000271082,0.069364170,0.008470137,0.072177266,0.150314337
226,0.000276106,0.022784589,0.008392855,0.073111541,0.104601827
227,0.000282475,0.024988606,0.008411704,0.072914350,0.106630319
228,0.000271818,0.038041698,0.008464506,0.073653417,0.120463440
229,0.000284106,0.010947254,0.008387191,0.073649609,0.093303010
230,0.000292427,0.035153046,0.008604127,0.073009490,0.117094259
231,0.000281578,0.022418782,0.008393975,0.073245018,0.104375388
232,0.000269706,0.041401310,0.008995661,0.074995195,0.125693554
233,0.000275978,0.018145313,0.008415480,0.074578155,0.101447791
234,0.000266825,0.059815880,0.008462170,0.077011110,0.145586547
235,0.000287915,0.035248090,0.008439193,0.076882337,0.120888895
236,0.000264074,0.023714767,0.008348854,0.075105343,0.107465614
237,0.000353773,0.068133820,0.008866056,0.093136796,0.170524751
238,0.000372238,0.026601754,0.009750922,0.076532980,0.113291686
239,0.000356141,0.036822677,0.008667553,0.075447212,0.121321775
240,0.000364110,0.042727087,0.008703074,0.075887676,0.127715517
241,0.000325612,0.029265948,0.012064255,0.076594582,0.118286335
242,0.000297323,0.020095113,0.009500896,0.076065379,0.105988984
243,0.000278346,0.031766298,0.008581566,0.076251561,0.116912172
244,0.000362989,0.026100263,0.008484187,0.076861568,0.111843024
245,0.000272490,0.018921053,0.008338485,0.077431285,0.104994258
246,0.000262985,0.014795108,0.008368886,0.080649325,0.104108818
247,0.000267305,0.039239118,0.008361814,0.077895334,0.125797334
248,0.000266954,0.025978691,0.008335893,0.077795299,0.112412358
249,0.000510771,0.013340815,0.008363574,0.078623649,0.100875162
250,0.000262826,0.038785149,0.008479994,0.078043308,0.125607470
251,0.000263210,0.018605809,0.008353814,0.077987114,0.105241019
252,0.000262634,0.038222505,0.008637248,0.078100206,0.125255937
253,0.000279435,0.034601346,0.008434169,0.079714762,0.123067024
254,0.000263369,0.015098191,0.008346197,0.082428462,0.106167934
255,0.000258473,0.047473088,0.008305044,0.081229186,0.137298912
256,0.000267178,0.025749018,0.008390167,0.082801437,0.117241944
257,0.000263018,0.018655572,0.008385334,0.079353468,0.106687921
258,0.000263146,0.014186190,0.008477306,0.079519426,0.102476341
259,0.000271018,0.036285440,0.008703011,0.079524579,0.124816305
260,0.000264265,0.022180950,0.008385591,0.079568804,0.110432092
261,0.000268618,0.019314508,0.008581342,0.081958205,0.110155922
262,0.000264650,0.031474830,0.008400983,0.080679630,0.120856030
263,0.000259530,0.031212773,0.008459417,0.080742416,0.120705913
264,0.000259913,0.022746411,0.008525596,0.097467644,0.129031949
265,0.000378894,0.017426182,0.008754596,0.080650444,0.107244517
266,0.000361069,0.032630937,0.009640581,0.084528924,0.127192297
267,0.000350125,0.025890848,0.009026703,0.082007967,0.117308059
268,0.000353549,0.026690141,0.008878057,0.083682877,0.119637841
269,0.000288619,0.016692203,0.011919226,0.082485137,0.111417057
270,0.000263786,0.031230726,0.009135250,0.082010558,0.122671714
271,0.000258250,0.025572915,0.008578621,0.084267794,0.118707598
272,0.000252777,0.043509613,0.008759364,0.083704861,0.136256600
273,0.000458385,0.010331135,0.008765829,0.082992227,0.102579801
274,0.000252266,0.016903410,0.008710243,0.082734522,0.108630937
275,0.000258025,0.017912696,0.008842439,0.083097608,0.110148338
276,0.000253929,0.012079360,0.008451513,0.083422675,0.104239126
277,0.000256873,0.035269882,0.008531196,0.083308975,0.127399344
278,0.000270794,0.047234935,0.008466522,0.083386642,0.139392141
279,0.000254794,0.012065023,0.008648641,0.083776256,0.104776587
280,0.000255210,0.021517437,0.009121042,0.086482949,0.117411423
281,0.000274826,0.027345557,0.008662465,0.083874083,0.120190150
282,0.000361038,0.022456384,0.008907466,0.084775909,0.116544223
283,0.000258922,0.017442726,0.008479450,0.084902698,0.111113461
284,0.000257674,0.012605203,0.008851560,0.084888937,0.106634543
285,0.000252425,0.034736935,0.008961548,0.085697736,0.129685894
286,0.000260458,0.030743475,0.008460761,0.086327263,0.125827734
287,0.000261801,0.022251384,0.008643393,0.084956716,0.116144815
288,0.000257354,0.033780004,0.008385879,0.085296857,0.127752030
289,0.000260873,0.017269088,0.008578462,0.085516641,0.111659274
290,0.000271946,0.033012647,0.008516124,0.086002291,0.127838497
291,0.000258890,0.010512582,0.008435480,0.085984242,0.105220539
292,0.000254666,0.027915530,0.008906506,0.094687477,0.131798612
293,0.000354253,0.014846886,0.008936363,0.086028339,0.110197300
294,0.000349613,0.024094972,0.008565597,0.086802513,0.119848345
295,0.000253833,0.043862842,0.008448217,0.086808721,0.139406926
296,0.000254793,0.029168505,0.008927787,0.087028057,0.125412743
297,0.000352877,0.037343432,0.008535580,0.087613199,0.133876385
298,0.000254890,0.033792932,0.008587902,0.088135234,0.130802223
299,0.000275658,0.026435411,0.009034095,0.087699762,0.123477663
300,0.000262154,0.024626736,0.008894825,0.092951060,0.126769337
301,0.000346221,0.029888756,0.008736068,0.088008669,0.127014818
302,0.000262922,0.034455037,0.008418936,0.087831095,0.130998998
303,0.000250378,0.045267373,0.008518492,0.088470191,0.142538690
304,0.000255433,0.060298939,0.008619679,0.089259947,0.158465999
305,0.000291147,0.014620606,0.008554109,0.089894915,0.113395497
306,0.000263242,0.032827040,0.008498619,0.089295213,0.130943828
307,0.000262154,0.052737411,0.008570045,0.089948613,0.151553328
308,0.000262089,0.013228298,0.008621407,0.090332851,0.112475912
309,0.000262506,0.067403457,0.008470170,0.090334771,0.166502297
310,0.000258601,0.034431323,0.008539004,0.090185230,0.133448880
311,0.000261578,0.028941873,0.008655553,0.090578492,0.128470585
312,0.000261257,0.045546967,0.008495482,0.091351225,0.145687895
313,0.000257769,0.047969074,0.008625792,0.090579388,0.147462104
314,0.000248681,0.028515681,0.009137619,0.091491326,0.129423035
315,0.000288939,0.047185557,0.008817223,0.092046451,0.148373850
316,0.000260426,0.039031591,0.008467258,0.092434753,0.140229452
317,0.000260586,0.021030668,0.008567229,0.092464002,0.122352918
318,0.000256553,0.043892795,0.008553821,0.092427553,0.145159139
319,0.000258506,0.046231089,0.008805638,0.092255514,0.147580796
320,0.000263370,0.025817693,0.008574493,0.092440641,0.127128774
321,0.000253161,0.030992892,0.008562526,0.092598247,0.132437899
322,0.000287243,0.056641651,0.008749605,0.092933075,0.158643735
323,0.000259178,0.034202100,0.008724259,0.093437191,0.136656392
324,0.000259018,0.084406232,0.008508699,0.093555466,0.186766025
325,0.000259146,0.029346015,0.008570110,0.093166524,0.131373252
326,0.000284042,0.054972501,0.009077008,0.093830773,0.158197061
327,0.000346477,0.031617524,0.008832808,0.093431494,0.134260879
328,0.000351437,0.052994220,0.008776645,0.093784851,0.155939250
329,0.000258537,0.023023478,0.008611231,0.093901912,0.125828759
330,0.000298027,0.073913555,0.012100193,0.101160740,0.187511172
331,0.000874848,0.048883860,0.009208597,0.094175905,0.153179627
332,0.000346637,0.040394873,0.008757604,0.094895772,0.144430727
333,0.000337773,0.039980233,0.008965836,0.094251588,0.143569416
334,0.000334988,0.039616988,0.008847080,0.094139104,0.142975985
335,0.000343885,0.029727534,0.008552125,0.094733910,0.133389135
336,0.000247882,0.016601671,0.008536605,0.099399779,0.124818225
337,0.000243945,0.029464420,0.008776357,0.094773976,0.133291179
338,0.000241705,0.053749896,0.008558141,0.095582550,0.158164964
339,0.000260426,0.019956355,0.008576381,0.095153638,0.123982802
340,0.000239209,0.030372774,0.008650720,0.095650872,0.134946888
341,0.000258665,0.028949104,0.008519611,0.096136522,0.133899585
342,0.000249289,0.033647966,0.008656000,0.096300272,0.138884954
343,0.000251049,0.043873370,0.008524156,0.100832441,0.153511384
344,0.000249610,0.065048042,0.008605887,0.097239443,0.171175303
345,0.000253834,0.014383445,0.008572062,0.096928680,0.120169349
346,0.000248777,0.032081029,0.008767621,0.097333527,0.138463819
347,0.000242665,0.026360177,0.008776358,0.097498781,0.132927742
348,0.000249865,0.024416969,0.008976813,0.097804072,0.131484040
349,0.000243657,0.021253523,0.008621631,0.098327292,0.128476345
350,0.000253386,0.020221453,0.008706722,0.098052881,0.127271660
351,0.000251337,0.040097005,0.008590462,0.098579877,0.147550267
352,0.000250698,0.037637043,0.008502107,0.098415327,0.144838359
353,0.000248425,0.016717291,0.009124786,0.098913682,0.125036793
354,0.000241033,0.016840176,0.008559101,0.099289824,0.124961303
355,0.000253929,0.015599266,0.008688162,0.099498087,0.124073270
356,0.000250505,0.018848858,0.008793574,0.099653133,0.127576247
357,0.000254986,0.028915823,0.008601150,0.099145881,0.136951251
358,0.000259946,0.020585403,0.008641408,0.099353250,0.128872039
359,0.000249225,0.027166511,0.008603263,0.100655346,0.136705834
360,0.000270442,0.020886086,0.008699074,0.100620688,0.130512260
361,0.000252073,0.075633363,0.008677090,0.100657138,0.185254992
362,0.000250570,0.030310787,0.008558333,0.100389416,0.139540787
363,0.000241096,0.027982797,0.008572670,0.100921147,0.137751121
364,0.000248841,0.030181247,0.008728803,0.100807255,0.139998915
365,0.000261194,0.044859422,0.008558493,0.102139849,0.155853679
366,0.000391566,0.020978346,0.008695522,0.124255548,0.154358520
367,0.000347021,0.022268793,0.009079792,0.101669015,0.133397967
368,0.000976548,0.047752841,0.008927883,0.122345846,0.180038543
369,0.000353613,0.042976985,0.009002765,0.145548561,0.197915845
370,0.000345901,0.023499335,0.009118322,0.123114866,0.156112505
371,0.000345069,0.018943902,0.008820262,0.103156238,0.131297921
372,0.000343725,0.024492235,0.008693730,0.102089799,0.135653602
373,0.000261482,0.020297809,0.008615135,0.102205803,0.131414342
374,0.000245417,0.022994868,0.008695202,0.102785281,0.134754177
375,0.000252266,0.032661658,0.008625056,0.103010345,0.144582317
376,0.000254185,0.035990550,0.008587326,0.103189199,0.148055534
377,0.000252937,0.040616641,0.008648513,0.103370678,0.152917699
378,0.000263082,0.041026064,0.008503067,0.103386935,0.153216365
379,0.000248009,0.017140156,0.008604863,0.103979949,0.130002897
380,0.000262794,0.028999122,0.008583294,0.104618148,0.142495104
381,0.000241321,0.022970867,0.008564893,0.104782155,0.136596293
382,0.000258378,0.032897283,0.008695682,0.103987341,0.145874205
383,0.000256073,0.013131014,0.008755749,0.105236348,0.127409521
384,0.000258826,0.029227387,0.008773094,0.104902575,0.143196698
385,0.000255433,0.038235272,0.008656704,0.106256481,0.153434805
386,0.000259146,0.027493403,0.008714691,0.106077019,0.142578595
387,0.000252842,0.036804852,0.008636896,0.105463300,0.151189442
388,0.000253609,0.046341141,0.008643168,0.105361568,0.160631136
389,0.000241737,0.043054747,0.008474330,0.106115932,0.157917883
390,0.000250698,0.026100359,0.008479834,0.106270338,0.141137358
391,0.000253353,0.031396460,0.008680321,0.108934052,0.149298332
392,0.000268138,0.027104332,0.009114898,0.106821591,0.143341696
393,0.000250857,0.024416937,0.008658817,0.107145378,0.140506455
394,0.000241801,0.016703274,0.008560957,0.106728275,0.132265925
395,0.000254122,0.031781530,0.008927179,0.107300904,0.148296375
396,0.000362797,0.034304152,0.008554269,0.107095040,0.150349700
397,0.000252937,0.020046887,0.008543421,0.107565842,0.136440319
398,0.000271114,0.027091852,0.008825895,0.107551153,0.143771792
399,0.000262954,0.033778500,0.008711651,0.107967393,0.150753650
400,0.000250314,0.028336282,0.008659713,0.107976001,0.145256263
401,0.000239177,0.021309013,0.008703746,0.108690012,0.138973373
402,0.000251754,0.043859481,0.008502587,0.109277074,0.161921712
403,0.000252553,0.033104427,0.008830919,0.108819840,0.151042557
404,0.000262314,0.028884174,0.008486939,0.108773503,0.146438802
405,0.000262057,0.038191591,0.008595166,0.109280305,0.156362882
406,0.000277706,0.018819545,0.008735972,0.109126412,0.136995604
407,0.000265705,0.046269202,0.008669314,0.109651903,0.164891390
408,0.000243497,0.025199686,0.008851848,0.109747907,0.144074586
409,0.000263082,0.028783019,0.008689602,0.110112080,0.147881128
410,0.000255305,0.031545425,0.008674721,0.110705894,0.151214787
411,0.000271946,0.019067651,0.008552957,0.110350649,0.138280515
412,0.000262954,0.031543825,0.008514299,0.110599906,0.150957849
413,0.000262857,0.031975649,0.008570557,0.111336157,0.152179943
414,0.000250922,0.016589479,0.008558333,0.111866897,0.137298976
415,0.000266314,0.062142911,0.009175828,0.112236703,0.183857853
416,0.000260010,0.026088807,0.008902218,0.112148379,0.147432183
417,0.000269770,0.039446390,0.008447545,0.111789070,0.159988072
418,0.000263977,0.025001278,0.008480315,0.112445382,0.146225707
419,0.000262346,0.016048115,0.009688615,0.112522185,0.138555150
420,0.000269738,0.059676195,0.008798438,0.112452839,0.181237116
421,0.000271882,0.014255184,0.008651745,0.112489352,0.135702533
422,0.000261226,0.043209377,0.008438841,0.112417030,0.164360650
423,0.000272970,0.028358106,0.008529916,0.112819284,0.150015767
424,0.000270570,0.059264820,0.008569054,0.112895895,0.181036245
425,0.000266762,0.013541173,0.008539452,0.114054402,0.136436576
426,0.000269706,0.039150667,0.008695554,0.113994688,0.162144248
427,0.000261802,0.020232718,0.008687234,0.113341832,0.142559970
428,0.000260810,0.030578669,0.008600286,0.114092195,0.153567578
429,0.000262922,0.025047520,0.008651041,0.113855067,0.147850438
430,0.000269770,0.047697991,0.008582078,0.117629542,0.174216408
431,0.000257289,0.042773137,0.008471258,0.115007685,0.166541755
432,0.000268234,0.051672794,0.008528924,0.115485079,0.175989689
433,0.000268010,0.022176373,0.008604255,0.115220429,0.146315886
434,0.000344620,0.037065213,0.008474810,0.115280303,0.161201014
435,0.000264842,0.022564324,0.008991661,0.115231278,0.147083818
436,0.000265866,0.024205057,0.008507355,0.115250542,0.148263158
437,0.000344140,0.056990335,0.008494747,0.116018602,0.181881012
438,0.000260969,0.030565132,0.008491803,0.115778466,0.155131540
439,0.000265706,0.016887058,0.008507132,0.115823652,0.141519420
440,0.000256713,0.047630245,0.008573854,0.116677443,0.173171696
441,0.000272747,0.025475088,0.008631968,0.116394905,0.150808372
442,0.000269898,0.031074176,0.009593187,0.117214551,0.158185541
443,0.000253514,0.008914922,0.011522794,0.117558628,0.138284612
444,0.000270634,0.023583530,0.009107217,0.117440543,0.150436390
445,0.000265450,0.013190153,0.008383511,0.117354301,0.139227623
446,0.000271626,0.011318948,0.008544668,0.118422948,0.138593487
447,0.000259082,0.012768921,0.008644577,0.118349409,0.140058566
448,0.000268202,0.028598692,0.008657633,0.118006389,0.155565028
449,0.000263274,0.018565296,0.008520476,0.123584483,0.150967386
450,0.000264330,0.024745397,0.008439545,0.118813651,0.152314123
451,0.000263978,0.019001120,0.008595774,0.118803218,0.146700508
452,0.000258569,0.012882078,0.008582110,0.119491948,0.141249426
453,0.000251657,0.031292392,0.008601375,0.119742325,0.159920773
454,0.000257161,0.016619079,0.008709378,0.119341062,0.144957531
455,0.000273450,0.041190486,0.008796902,0.118805522,0.169098681
456,0.000269098,0.030390086,0.008553597,0.119808023,0.159054917
457,0.000248553,0.035919059,0.008602719,0.119306085,0.164108225
458,0.000266474,0.028344090,0.008639008,0.120254312,0.157535725
459,0.000268650,0.037555247,0.008461978,0.120485424,0.166805381
460,0.000266858,0.010373408,0.008652288,0.120086146,0.139413709
461,0.000259209,0.027486746,0.008726436,0.120741274,0.157248066
462,0.000333580,0.017021687,0.008811655,0.121221196,0.147421079
463,0.000253098,0.017607468,0.008746116,0.121675997,0.148317944
464,0.000259498,0.023184283,0.009016494,0.121981832,0.154475132
465,0.000346029,0.021037196,0.009003629,0.122129677,0.152549620
466,0.000251946,0.017868790,0.009157203,0.121929702,0.149246906
467,0.000241193,0.020713728,0.008730691,0.121952326,0.151665428
468,0.000243593,0.027923275,0.008572701,0.121880196,0.158650582
469,0.000247113,0.013342223,0.009820524,0.122446681,0.145889661
470,0.000253993,0.018697973,0.008690114,0.122312564,0.149988310
471,0.000260745,0.018586992,0.008912362,0.122923211,0.150719921
472,0.000266986,0.036682544,0.008922314,0.121956167,0.167865068
473,0.000261002,0.033642303,0.009184148,0.122928842,0.166049801
474,0.000263529,0.011750643,0.008868489,0.123509249,0.144425960
475,0.000264298,0.027605151,0.008587839,0.124359136,0.160847656
476,0.000254986,0.017868822,0.008777094,0.124552615,0.151485005
477,0.000260233,0.024809655,0.008951404,0.123989010,0.158044928
478,0.000359726,0.019744540,0.009073872,0.124877652,0.154092014
479,0.000336524,0.031639252,0.009005582,0.124798032,0.165811391
480,0.000360173,0.033632702,0.008916106,0.125756404,0.168703435
481,0.000348589,0.035027986,0.008851208,0.125711090,0.169974778
482,0.000346604,0.025128355,0.008868905,0.126571890,0.160947628
483,0.000356558,0.029859762,0.008837255,0.125867832,0.164957088
484,0.000342349,0.014829894,0.008792518,0.126080352,0.150074265
485,0.000353005,0.026418643,0.008777477,0.126178659,0.161763114
486,0.000344845,0.025485392,0.009544194,0.125455465,0.160864008
487,0.000351213,0.028390588,0.010037236,0.127027299,0.165843073
488,0.000355053,0.024886362,0.008769285,0.126863164,0.160906155
489,0.000354574,0.044296841,0.008946188,0.126785594,0.180415997
490,0.000347437,0.015952239,0.012708471,0.129702789,0.158742746
491,0.000352653,0.044917665,0.009514304,0.127013730,0.181836689
492,0.000348621,0.023021909,0.009808652,0.127096422,0.160308532
493,0.000270506,0.027442873,0.008641504,0.127540310,0.163928858
494,0.000255817,0.033475480,0.008764005,0.127869986,0.170397642
495,0.000269258,0.039934696,0.008918923,0.128094090,0.177253479
496,0.000263658,0.019836927,0.009159828,0.129625795,0.158914720
497,0.000255049,0.029597448,0.008607743,0.128871591,0.167366457
498,0.000257514,0.017193533,0.008803238,0.128860806,0.155146421
499,0.000263498,0.055599116,0.009060815,0.128457655,0.193414015
500,0.000256874,0.014631582,0.008627040,0.128362900,0.151908541
501,0.000260073,0.035053490,0.008785029,0.129574786,0.173708389
502,0.000288363,0.047859246,0.008869673,0.129716934,0.186768040
503,0.000258249,0.028204373,0.008533244,0.130817551,0.167845644
504,0.000257961,0.017217278,0.008469753,0.130063699,0.156042838
505,0.000262538,0.036205054,0.008658529,0.130278651,0.175438309
506,0.000259881,0.013559542,0.008683426,0.130043731,0.152578326
507,0.000260970,0.018618162,0.008707523,0.130244698,0.157866393
508,0.000265546,0.034319800,0.008697570,0.130812943,0.174133620
509,0.000260714,0.031681398,0.008603486,0.131348834,0.171927619
510,0.000261546,0.031424589,0.008673698,0.131773586,0.172169196
511,0.000266090,0.029912404,0.008585951,0.131077977,0.169874647
512,0.000253514,0.017289824,0.008623711,0.132437100,0.158637430
513,0.000265994,0.030703602,0.008622592,0.132147713,0.171776285
514,0.000282858,0.032898947,0.008687394,0.131819764,0.173723397
515,0.000260585,0.016565926,0.008917194,0.132311527,0.158086593
516,0.000340845,0.028539298,0.008771109,0.131756338,0.169442854
517,0.000260458,0.020071784,0.008714979,0.132556016,0.161636069
518,0.000258313,0.030700625,0.008709027,0.132691221,0.172394131
519,0.000351085,0.020361650,0.008962124,0.133079107,0.162787312
520,0.000262026,0.035793198,0.008709219,0.133331917,0.178130952
521,0.000261833,0.026918821,0.008703427,0.133975844,0.169894263
522,0.000249257,0.013088133,0.008697634,0.138222721,0.160292212
523,0.000254538,0.026284302,0.008693570,0.133809886,0.169074681
524,0.000266634,0.017529162,0.008684130,0.135464379,0.161975537
525,0.000257674,0.032729885,0.008731652,0.134983785,0.176736565
526,0.000264681,0.026451252,0.009375387,0.135285972,0.171409616
527,0.000263434,0.029120887,0.008654785,0.135379929,0.173454715
528,0.000263338,0.019874080,0.008766565,0.134663294,0.163603214
529,0.000260681,0.027837735,0.008841288,0.135531134,0.172505463
530,0.000259242,0.028804748,0.008537948,0.134770114,0.172405588
531,0.000265674,0.019885985,0.008879593,0.135531070,0.164597171
532,0.000348525,0.028572418,0.008787686,0.135161104,0.172900295
533,0.000272618,0.020169771,0.008548957,0.135882827,0.164911519
534,0.000269098,0.025819836,0.008508444,0.136102387,0.170736086
535,0.000261770,0.011025017,0.008771749,0.136597062,0.156687182
536,0.000272458,0.029893843,0.009009230,0.136841806,0.176053275
537,0.000260041,0.016485346,0.008637088,0.137227357,0.162641803
538,0.000257706,0.031429068,0.008666561,0.137063479,0.177449519
539,0.000261066,0.015062958,0.008620640,0.137997817,0.161972594
540,0.000256778,0.022009008,0.008634080,0.137654669,0.168589767
541,0.000256425,0.016846161,0.008617567,0.138409641,0.164163523
542,0.000254089,0.015748551,0.008570846,0.137933431,0.162538662
543,0.000268938,0.030490154,0.008704259,0.137931511,0.177428846
544,0.000263978,0.029774767,0.008752485,0.138183712,0.177008542
545,0.000262154,0.030542636,0.009334970,0.138606768,0.178783744
546,0.000262730,0.023703727,0.008870856,0.139039328,0.171912930
547,0.000253225,0.020580763,0.008606367,0.138763190,0.168235066
548,0.000275530,0.017312417,0.009147315,0.139452784,0.166218447
549,0.000264138,0.023350593,0.008672193,0.139828605,0.172151083
550,0.000262762,0.010288925,0.008904682,0.139713944,0.159202187
551,0.000248682,0.035464802,0.008654817,0.139591284,0.183991234
552,0.000259498,0.027245298,0.008842152,0.140603162,0.176983902
553,0.000257322,0.034950383,0.009147827,0.139976578,0.184366896
554,0.000260554,0.024507725,0.008691042,0.140960903,0.174452928
555,0.000258441,0.013452018,0.011749652,0.140671004,0.166163564
556,0.000261769,0.009739945,0.009929392,0.140954759,0.160918859
557,0.000280747,0.024750133,0.008803974,0.141503803,0.175375138
558,0.000350893,0.023703087,0.009087665,0.140920613,0.174099315
559,0.000260682,0.011630319,0.008790981,0.142736937,0.163449993
560,0.000269226,0.011825302,0.008841736,0.142890287,0.163861016
561,0.000270602,0.022075570,0.008772165,0.143280925,0.174433887
562,0.000267114,0.013231850,0.008906666,0.142912367,0.165350702
563,0.000276586,0.026197291,0.009380252,0.143762063,0.179652129
564,0.000266410,0.009956081,0.011229664,0.145265894,0.166753091
565,0.000259018,0.025172453,0.008769861,0.144181023,0.178416563
566,0.000282634,0.012160451,0.009923920,0.143598473,0.165999815
567,0.000257994,0.009114834,0.008655553,0.142962257,0.161023471
568,0.000252521,0.023114488,0.008592447,0.143670475,0.175663116
569,0.000251305,0.014360052,0.008792646,0.143814416,0.167251606
570,0.000278794,0.012737112,0.008750500,0.143936725,0.165737821
571,0.000344268,0.025638262,0.008892649,0.143723309,0.178636379
572,0.000376174,0.011069818,0.008784646,0.144322467,0.164586899
573,0.000339436,0.010676811,0.008700610,0.144168382,0.163919801
574,0.000351821,0.024424425,0.008837095,0.144493450,0.178140425
575,0.000352013,0.025835037,0.009035407,0.144985852,0.180241879
576,0.000344620,0.013998278,0.009506912,0.146002914,0.169886679
577,0.000359886,0.022701385,0.008969581,0.145819067,0.177889535
578,0.000355661,0.012035518,0.009046095,0.145811418,0.167282711
579,0.000344333,0.022503010,0.009065328,0.145861245,0.177806748
580,0.000350381,0.010208378,0.009073136,0.146902340,0.166567356
581,0.000354413,0.035818575,0.008929002,0.147016935,0.192152687
582,0.000355981,0.018576080,0.009532417,0.146283660,0.174780588
583,0.000353645,0.031200516,0.008920811,0.146413809,0.186923982
584,0.000344620,0.038045633,0.008980684,0.147213166,0.194619724
585,0.000344973,0.037590993,0.008881129,0.147108586,0.193961235
586,0.000334092,0.017068729,0.009020078,0.147584060,0.174038704
587,0.000332588,0.038411567,0.009000654,0.148363321,0.196144996
588,0.000352461,0.018810521,0.008888170,0.147026664,0.175109592
589,0.000369294,0.034360090,0.008891561,0.147855142,0.191510936
590,0.000344365,0.017053432,0.008946220,0.147157324,0.173532382
591,0.000338733,0.037404874,0.009012942,0.147872487,0.194663117
592,0.000333709,0.029105015,0.008902474,0.148818442,0.187191704
593,0.000347085,0.033496217,0.008896298,0.147646719,0.190421712
594,0.000346733,0.037399402,0.008771429,0.147861735,0.194413891
595,0.000341133,0.028691559,0.008914763,0.148131537,0.186111408
596,0.000364557,0.022026320,0.009015598,0.148327704,0.179768133
597,0.000338733,0.031512911,0.009181652,0.150508041,0.191575418
598,0.000351117,0.014994124,0.009033647,0.151254116,0.175667981
599,0.000348333,0.042791154,0.008955692,0.150514217,0.202649269
600,0.000365262,0.017363012,0.008906954,0.151534095,0.178202091
601,0.000342445,0.033185614,0.008932683,0.154025579,0.196520369
602,0.000346413,0.016771853,0.008925259,0.152073091,0.178149001
603,0.000360270,0.020006598,0.008965036,0.150737553,0.180104434
604,0.000342252,0.044532658,0.009430813,0.152478929,0.206819439
605,0.000347533,0.018598225,0.008881161,0.153293072,0.181153016
606,0.000350029,0.052972971,0.008875849,0.152660025,0.214894843
607,0.000368813,0.013244395,0.009422878,0.154444442,0.177513202
608,0.000345133,0.034531135,0.008919243,0.152463121,0.196290153
609,0.000349325,0.012912991,0.008980557,0.153686942,0.175961304
610,0.000340781,0.033147948,0.008976685,0.152539188,0.195037914
611,0.000338892,0.017488328,0.008699170,0.152405231,0.178966152
612,0.000352365,0.012430189,0.008780293,0.153097096,0.174692489
613,0.000354957,0.040673155,0.008672513,0.153216077,0.202951968
614,0.000350349,0.012411372,0.008988685,0.153611931,0.175401923
615,0.000348461,0.017857334,0.009006414,0.154627841,0.181872210
616,0.000352205,0.030987773,0.008934891,0.154707556,0.195015578
617,0.000345645,0.024454090,0.008983469,0.155123124,0.188942809
618,0.000356045,0.012936512,0.008963276,0.156091736,0.178379249
619,0.000354925,0.012104864,0.009017550,0.156081815,0.177590964
620,0.000351821,0.021369848,0.009082064,0.155103859,0.185941834
621,0.000381519,0.013604120,0.008986061,0.156022837,0.179031050
622,0.000350701,0.008419992,0.008890441,0.156589994,0.174283834
623,0.000354157,0.024600367,0.008903786,0.156177210,0.190071043
624,0.000353613,0.011840278,0.008879401,0.156388194,0.177495697
625,0.000354701,0.009914895,0.008978125,0.156778961,0.176059675
626,0.000354413,0.028835373,0.009462463,0.157158495,0.195844408
627,0.000370382,0.012850780,0.008970604,0.157131262,0.179356982
628,0.000365869,0.034804394,0.008742308,0.156638700,0.200586601
629,0.000362670,0.053103760,0.008804070,0.156739312,0.219046228
630,0.000348589,0.024175008,0.008826791,0.156832915,0.190216584
631,0.000350701,0.065223889,0.008776229,0.157755478,0.232138073
632,0.000342445,0.019696314,0.008765925,0.158102818,0.186942895
633,0.000356590,0.047958897,0.009351739,0.156583498,0.214281956
634,0.000347341,0.020004773,0.008819335,0.157076252,0.186282838
635,0.000349100,0.027981901,0.009224054,0.157531085,0.195120222
636,0.000354861,0.040473084,0.008869065,0.158151108,0.207884278
637,0.000359950,0.020943848,0.008759525,0.157461130,0.187558086
638,0.000351373,0.045389041,0.008771973,0.156492006,0.211039019
639,0.000349261,0.021508605,0.009835884,0.158182565,0.189911133
640,0.000359789,0.042858420,0.008573182,0.158331691,0.210158251
641,0.000357549,0.043122654,0.009168020,0.158727321,0.211410457
642,0.000353517,0.016935123,0.009130322,0.159047141,0.185501049
643,0.000353165,0.045186570,0.008692098,0.159771104,0.214041851
644,0.000363022,0.024160351,0.008550652,0.159352528,0.192462523
645,0.000357101,0.039650653,0.008823911,0.158490961,0.207358051
646,0.000360494,0.020388499,0.008682593,0.159545047,0.189011835
647,0.000360974,0.015108912,0.008933387,0.161007246,0.185445239
648,0.000353677,0.027906186,0.010023828,0.158538290,0.196858942
649,0.000382894,0.016784685,0.008732355,0.159252972,0.185190638
650,0.000358317,0.011053946,0.008611007,0.160382006,0.180440413
651,0.000353229,0.014363700,0.009700360,0.159736159,0.184191017
652,0.000356045,0.037442124,0.008648832,0.161054479,0.207537834
653,0.000381230,0.021317206,0.008573694,0.160265650,0.190573430
654,0.000358925,0.015823722,0.009655237,0.160346325,0.186221268
655,0.000361550,0.031163203,0.008576158,0.161754729,0.201893625
656,0.000348493,0.015165842,0.011169502,0.161914031,0.188634254
657,0.000357837,0.012045695,0.009685863,0.161220117,0.183344746
658,0.000360941,0.010241788,0.008599487,0.161141203,0.180379900
659,0.000358318,0.036878359,0.008527100,0.161334106,0.207133883
660,0.000337708,0.017133627,0.008601631,0.161293305,0.187398432
661,0.000358062,0.013998151,0.008581758,0.162058837,0.185028040
662,0.000347693,0.017795636,0.008558909,0.161910255,0.188646093
663,0.000367502,0.015477149,0.008555325,0.162264892,0.186700069
664,0.000348685,0.040281909,0.008552125,0.163234401,0.212452928
665,0.000363789,0.019413967,0.008514236,0.162524390,0.190854079
666,0.000347725,0.023102168,0.008742403,0.163940154,0.196170212
667,0.000356429,0.043513549,0.008583422,0.163028793,0.215520465
668,0.000355982,0.028415037,0.008550429,0.164467822,0.201824470
669,0.000350797,0.017968058,0.008515292,0.164452365,0.191325297
670,0.000355597,0.030903129,0.008637792,0.163872439,0.203804224
671,0.000346188,0.016364990,0.008672418,0.164335049,0.189754423
672,0.000357005,0.012303720,0.008648448,0.164004668,0.185348307
673,0.000346797,0.011725394,0.009741193,0.165105638,0.186950767
674,0.000347693,0.020437621,0.008813895,0.164469358,0.194101080
675,0.000351085,0.009464446,0.008857993,0.166585916,0.185290578
676,0.000346477,0.009594564,0.008754308,0.165142983,0.183869629
677,0.000363533,0.011800213,0.008895082,0.164890045,0.185982475
678,0.000354669,0.024892218,0.011387846,0.165117317,0.201785429
679,0.000347981,0.011966300,0.009785706,0.166339379,0.188470183
680,0.000337676,0.013034723,0.009980722,0.166158156,0.189544239
681,0.000343373,0.007624987,0.008850920,0.166252720,0.183105761
682,0.000351309,0.006958402,0.012029982,0.167234325,0.186612579
683,0.000353581,0.017732753,0.009415933,0.166116331,0.193653032
684,0.000352333,0.009832397,0.010316830,0.167480030,0.188013462
685,0.000365997,0.009722248,0.009361467,0.167287127,0.186769384
686,0.000358254,0.009846317,0.010238491,0.167220404,0.187696011
687,0.000376686,0.008795718,0.009327098,0.167812074,0.186346936
688,0.000376238,0.008445241,0.009164211,0.167450717,0.185472216
689,0.000357134,0.008360918,0.010030035,0.168642888,0.187422208
690,0.000351533,0.010820817,0.008863945,0.168124725,0.188197437
691,0.000351693,0.011882361,0.009060336,0.168644360,0.189974463
692,0.000385902,0.011619567,0.008995245,0.168432064,0.189466252
693,0.000343565,0.011651920,0.009341146,0.168900658,0.190269162
694,0.000352813,0.029072981,0.008682497,0.169607884,0.207753809
695,0.000337485,0.016909043,0.008885097,0.168301916,0.194463781
696,0.000344044,0.013316333,0.009576547,0.169099258,0.192372952
697,0.000340845,0.008022921,0.008696099,0.171357229,0.188448390
698,0.000349485,0.021718148,0.008777925,0.170049213,0.200928053
699,0.000360333,0.012171715,0.009087600,0.170420586,0.192074700
700,0.000358797,0.015465309,0.008802598,0.170742295,0.195404840
701,0.000356941,0.011818262,0.008793222,0.171058402,0.192059628
702,0.000355341,0.007858115,0.011354501,0.175850260,0.195452490
703,0.000347244,0.006853502,0.010334047,0.170683988,0.188254400
704,0.000347373,0.006538386,0.008949964,0.170962943,0.186859883
705,0.000359758,0.005904635,0.008714563,0.171759260,0.186772744
706,0.000347789,0.007348336,0.009109554,0.171717051,0.188556010
707,0.000360653,0.007362641,0.008895914,0.173457595,0.190110468
708,0.000358733,0.024233698,0.009076656,0.172313489,0.206018705
709,0.000351501,0.010553127,0.009110098,0.172647069,0.192695972
710,0.000347469,0.008144814,0.011971515,0.173870186,0.194366658
711,0.000350989,0.007372146,0.009979026,0.173023947,0.190759612
712,0.000361773,0.007946151,0.010007059,0.172150955,0.190502419
713,0.000354253,0.007969863,0.008953452,0.173737093,0.191048455
714,0.000347692,0.034648964,0.009018414,0.173810152,0.217862121
715,0.000355406,0.013905731,0.009110546,0.173428218,0.196836861
716,0.000361934,0.012804698,0.009000493,0.173274644,0.195477355
717,0.000353901,0.026204555,0.008860392,0.179928011,0.215379372
718,0.000339277,0.015471549,0.008856712,0.177672791,0.202373706
719,0.000359501,0.016683242,0.008960460,0.174697225,0.200736621
720,0.000352814,0.013278124,0.009385212,0.175071991,0.198121773
721,0.000360429,0.035585575,0.008962028,0.174630119,0.219575976
722,0.000357293,0.016071892,0.008699586,0.176240002,0.201406598
723,0.000351437,0.010231227,0.008939659,0.175733391,0.195288452
724,0.000363790,0.009832684,0.008945132,0.175453893,0.194624715
725,0.000358445,0.027487739,0.008907978,0.176346726,0.213138041
726,0.000358509,0.014902216,0.008978444,0.176711315,0.200986455
727,0.000364909,0.009691272,0.008991533,0.176456746,0.195540109
728,0.000363533,0.007666108,0.008772389,0.177099106,0.193939762
729,0.000360974,0.008475994,0.009033327,0.177021055,0.194924791
730,0.000372493,0.007062917,0.008924330,0.177061472,0.193455552
731,0.000354253,0.007228652,0.008765636,0.177869694,0.194255965
732,0.000374957,0.019899265,0.009013806,0.176128542,0.205450813
733,0.000383566,0.013200585,0.008723555,0.176498028,0.198839496
734,0.000360429,0.019237672,0.008706850,0.177555155,0.205893580
735,0.000353165,0.011906649,0.009982482,0.177654326,0.199931312
736,0.000350797,0.010576488,0.009083953,0.178068518,0.198114797
737,0.000358477,0.027622752,0.008685762,0.181523494,0.218226741
738,0.000353613,0.012494191,0.008897930,0.177318538,0.199097905
739,0.000355085,0.010120983,0.009063952,0.178594713,0.198170414
740,0.000359022,0.008052138,0.008915498,0.178542552,0.195906427
741,0.000358317,0.009151827,0.008856680,0.179300787,0.197702973
742,0.000346157,0.007690397,0.008818151,0.178932870,0.195820631
743,0.000352557,0.018048540,0.008865545,0.179820039,0.207121978
744,0.000352301,0.011435975,0.008866984,0.180780971,0.201471081
745,0.000378414,0.010111767,0.009006509,0.179586974,0.199120082
746,0.000358477,0.007543416,0.008902794,0.185155852,0.201997085
747,0.000356334,0.007480629,0.008877481,0.202324937,0.219074261
748,0.000387727,0.007427987,0.008949388,0.180711816,0.197511510
749,0.000362094,0.007825250,0.008893738,0.180588419,0.197702013
750,0.000342252,0.007298862,0.008859849,0.180420029,0.196953954
751,0.000370798,0.009590916,0.010267900,0.180728488,0.200991607
752,0.000355341,0.021048364,0.008903370,0.182069530,0.212412063
753,0.000356813,0.013503380,0.008881161,0.181035635,0.203813760
754,0.000351597,0.012939615,0.009636421,0.181076341,0.204041320
755,0.000337932,0.010195961,0.008956875,0.181167160,0.200689611
756,0.000379790,0.014017863,0.008767173,0.181146712,0.204345203
757,0.000350893,0.024952636,0.009436542,0.182092763,0.216867619
758,0.000343213,0.011780628,0.010081685,0.183631220,0.205869899
759,0.000353901,0.008948524,0.010057748,0.183042526,0.202438125
760,0.000373262,0.009560610,0.008901482,0.183112161,0.201984188
761,0.000359373,0.022489377,0.008797478,0.182630831,0.214312292
762,0.000346989,0.009397756,0.008946572,0.183397835,0.202122593
763,0.000343437,0.007723422,0.008755141,0.183889149,0.200743854
764,0.000341100,0.008185039,0.009006158,0.183360266,0.200926324
765,0.000345037,0.008539421,0.008853896,0.188900855,0.206672777
766,0.000356621,0.018321383,0.008712963,0.184958757,0.212384701
767,0.000353741,0.011011192,0.008885961,0.184829536,0.205112880
768,0.000397871,0.009679719,0.008802918,0.185083754,0.203995334
769,0.000355533,0.008673761,0.008907242,0.184784767,0.202754936
770,0.000359853,0.007921797,0.008889770,0.185633982,0.202840731
771,0.000359886,0.007470901,0.008774789,0.193807181,0.210445941
772,0.000372589,0.007546359,0.008941643,0.185567036,0.202461358
773,0.000352877,0.008080140,0.008793830,0.186072654,0.203332717
774,0.000364654,0.008654401,0.008756708,0.185517721,0.203326894
775,0.000365581,0.012745176,0.008850600,0.186994513,0.208984543
776,0.000357101,0.023731056,0.010492485,0.185994795,0.220609966
777,0.000358861,0.037644403,0.008943660,0.186292630,0.233275267
778,0.000352589,0.025287497,0.008928075,0.187998774,0.222601112
779,0.000346861,0.017174205,0.008766117,0.187850288,0.214175935
780,0.000352461,0.030487433,0.008900618,0.186485246,0.226261791
781,0.000470354,0.024566702,0.008748932,0.187052243,0.220888952
782,0.000351085,0.016713643,0.008801446,0.187230905,0.213132025
783,0.000342477,0.029405090,0.009433502,0.187503075,0.226720784
784,0.000347085,0.013525525,0.012198756,0.188981658,0.215087649
785,0.000360014,0.016830928,0.009954385,0.187951764,0.215132131
786,0.000366061,0.012390699,0.008815654,0.188424293,0.210033766
787,0.000358253,0.019661304,0.008846183,0.187109012,0.216012484
788,0.000356013,0.010303870,0.008710435,0.187904530,0.207308545
789,0.000358477,0.010195674,0.008858793,0.189479468,0.208927005
790,0.000354349,0.008738212,0.008946571,0.189014267,0.207090873
791,0.000363565,0.011033368,0.008896745,0.190190054,0.210520920
792,0.000495539,0.013479284,0.009794571,0.189305830,0.213115416
793,0.000381806,0.008280754,0.008902217,0.192461339,0.210058663
794,0.000354957,0.008002824,0.008847496,0.191262543,0.208501805
795,0.000361069,0.007969800,0.009278136,0.192729541,0.210373555
796,0.000359917,0.023673261,0.008839784,0.192577599,0.225485442
797,0.000356365,0.013048483,0.008779462,0.195927099,0.218147794
798,0.000349069,0.011949850,0.009689223,0.193223831,0.215248263
799,0.000361486,0.008481594,0.009967698,0.191404148,0.210252654
800,0.000348845,0.009677158,0.008894890,0.191119530,0.210073672
801,0.000361198,0.008008265,0.008762725,0.193339036,0.210505080
802,0.000362286,0.010202362,0.008746244,0.192649442,0.211995279
803,0.000356558,0.025789532,0.009193716,0.191652637,0.227028028
804,0.000357709,0.011117467,0.008802246,0.192848425,0.213161274
805,0.000359949,0.010136887,0.008907978,0.192501916,0.211942413
806,0.000360366,0.018568944,0.009475999,0.192787047,0.221228709
807,0.000358958,0.010631018,0.008761637,0.192885067,0.212669576
808,0.000351533,0.012548529,0.010467364,0.194007892,0.217409944
809,0.000352717,0.009730121,0.009677383,0.197793696,0.217590910
810,0.000387342,0.010478436,0.009966545,0.193912880,0.214782422
811,0.000345388,0.010519173,0.008688354,0.195622736,0.215204998
812,0.000359981,0.009701480,0.009037391,0.199433182,0.218570786
813,0.000363565,0.009262967,0.008898986,0.195403080,0.213966392
814,0.000355213,0.032175240,0.008635359,0.196402029,0.237601700
815,0.000380527,0.016521700,0.008869353,0.198572061,0.224381402
816,0.000357869,0.014133996,0.008952492,0.193980435,0.217458873
817,0.000359533,0.012294567,0.008646849,0.198356693,0.219693324
818,0.000358350,0.030020248,0.009225173,0.196669687,0.236311252
819,0.000362414,0.017004566,0.008586078,0.194957143,0.220946234
820,0.000369550,0.014332723,0.008638881,0.195378727,0.218753065
821,0.000385230,0.036189981,0.010130904,0.195569518,0.242313170
822,0.000360462,0.015126256,0.008741668,0.197499893,0.221762809
823,0.000362605,0.013507156,0.008838440,0.195533389,0.218278807
824,0.000386383,0.040166544,0.008705954,0.196003807,0.245303745
825,0.000365197,0.021877290,0.008783814,0.198258386,0.229323473
826,0.000367630,0.020129002,0.008871305,0.196222375,0.225626024
827,0.000365422,0.034772745,0.008836231,0.196856766,0.240870524
828,0.000367310,0.019617750,0.008610975,0.196127523,0.224760872
829,0.000376462,0.011958331,0.012082912,0.197071814,0.221525264
830,0.000364142,0.038425904,0.009805291,0.197404402,0.246035164
831,0.000352333,0.037971231,0.008666881,0.196654518,0.243680389
832,0.000365070,0.036641390,0.008724611,0.196941216,0.242705633
833,0.000366189,0.092643945,0.008841480,0.197712605,0.299599261
834,0.000358733,0.051830817,0.008735300,0.197295022,0.258251937
835,0.000365646,0.164970240,0.008928587,0.198674626,0.372974651
836,0.000365774,0.038969188,0.008886121,0.198956107,0.247212807
837,0.000360846,0.081866937,0.008757316,0.307104979,0.398128735
838,0.000356525,0.028950224,0.008827431,0.201183326,0.239352292
839,0.000360909,0.147202990,0.008750724,0.201701841,0.358057970
840,0.000364398,0.034805546,0.008939691,0.200777967,0.244925619
841,0.000368813,0.045862275,0.008828487,0.200564295,0.255660321
842,0.000359149,0.032751773,0.008828423,0.202721111,0.244699242
843,0.000365934,0.087717330,0.008958860,0.202233925,0.299314866
844,0.000361613,0.045087078,0.008764356,0.201501193,0.255751972
845,0.000361934,0.065531548,0.008778214,0.203249770,0.277960155
846,0.000398703,0.026516183,0.008774661,0.203454323,0.239180894
847,0.000421391,0.060353532,0.008899754,0.203041123,0.272756378
848,0.000371470,0.053055758,0.008755685,0.202298119,0.264513928
849,0.000366638,0.035387775,0.008826791,0.203935940,0.248553497
850,0.000358733,0.036929848,0.009249719,0.201562892,0.248137322
851,0.000360077,0.026253453,0.008677217,0.202462510,0.237788330
852,0.000360717,0.060285530,0.008749989,0.202509007,0.271941371
853,0.000351277,0.024240579,0.008782373,0.203225833,0.236635199
854,0.000360877,0.057964931,0.008706114,0.202673654,0.269739946
855,0.000410031,0.026905093,0.008866601,0.202840891,0.239057818
856,0.000366606,0.027380535,0.008757668,0.203687962,0.240228965
857,0.000353997,0.045136584,0.008853928,0.203450130,0.257828529
858,0.000363950,0.021744933,0.008703842,0.203304620,0.234153859
859,0.000381326,0.030418439,0.008803782,0.204965962,0.244608039
860,0.000275530,0.024893531,0.008691842,0.203097509,0.236995181
861,0.000270474,0.033281041,0.008583838,0.203880642,0.246051613
862,0.000268458,0.011954907,0.009200917,0.203787903,0.225255834
863,0.000254922,0.034025645,0.008714179,0.205447292,0.248473622
864,0.000255369,0.027076812,0.008822631,0.204475416,0.240664021
865,0.000271050,0.020183180,0.008788581,0.205070638,0.234345739
866,0.000267978,0.050564881,0.008757924,0.205165170,0.264791251
867,0.000265545,0.012618195,0.008980332,0.204260912,0.226166556
868,0.000262346,0.028045839,0.008800166,0.206441985,0.243582657
869,0.000262345,0.016649288,0.008662593,0.207009238,0.232616203
870,0.000285066,0.031586483,0.008773029,0.206860081,0.247539220
871,0.000266122,0.013006402,0.008994317,0.207455686,0.229767681
872,0.000263082,0.015331288,0.008639200,0.206941971,0.231210966
873,0.000259530,0.017117114,0.008711715,0.206787982,0.232908021
874,0.000255850,0.025406157,0.008599390,0.206619272,0.240913022
875,0.000259945,0.023552840,0.009231350,0.206403135,0.239479688
876,0.000256041,0.035687370,0.008742084,0.207721937,0.252439401
877,0.000269770,0.031409516,0.008828615,0.207769426,0.248311152
878,0.000361486,0.015772201,0.009193044,0.209354124,0.234716473
879,0.000352749,0.046349077,0.008929067,0.207208093,0.262873932
880,0.000259498,0.011318948,0.008702466,0.207734513,0.228047617
881,0.000262538,0.021052524,0.008791557,0.208025147,0.238162776
882,0.000269258,0.020505816,0.008818503,0.209524595,0.239153756
883,0.000251561,0.054387519,0.008832711,0.209091811,0.272596212
884,0.000274538,0.026642587,0.008886825,0.209759900,0.245598763
885,0.000268810,0.010919701,0.008758084,0.209709305,0.229688030
886,0.000270250,0.021730341,0.008747941,0.211896619,0.242678495
887,0.000263658,0.010248316,0.008687426,0.209477777,0.228708314
888,0.000280586,0.022073042,0.008788005,0.209107907,0.240284007
889,0.000266793,0.020795778,0.008785638,0.210663197,0.240546641
890,0.000261354,0.035434369,0.008732964,0.209647608,0.254106471
891,0.000262826,0.029901108,0.008744740,0.210272174,0.249213426
892,0.000263882,0.015303479,0.008780069,0.210479574,0.234861469
893,0.000263722,0.025356588,0.008962764,0.210156971,0.244773837
894,0.000267338,0.014759875,0.008721092,0.211246163,0.235027300
895,0.000261098,0.024152799,0.008637120,0.212862766,0.245979674
896,0.000263177,0.018266021,0.008691618,0.211637345,0.238891603
897,0.000267786,0.024924795,0.008807431,0.212443199,0.246478156
898,0.000270058,0.035856560,0.008768196,0.212415134,0.257346815
899,0.000268042,0.028863758,0.008708771,0.213254013,0.251128024
900,0.000261513,0.015957039,0.008843304,0.211664898,0.236759684
901,0.000260970,0.025617557,0.008876680,0.212448063,0.247236136
902,0.000267882,0.026441076,0.008758021,0.212119091,0.247617814
903,0.000257642,0.026652572,0.008794470,0.212434207,0.248171563
904,0.000269322,0.014634142,0.009016558,0.212315610,0.236270258
905,0.000264714,0.032411633,0.008788582,0.212558403,0.254055557
906,0.000266890,0.012309288,0.008840263,0.212817933,0.234270216
